y,preds,name,type
0.0,0.5276104,CNR2,val
1.0,0.5275676,LTB,val
0.0,0.52753764,KRTAP5-2,val
0.0,0.5274838,RPS28,val
1.0,0.5269185,JAK1,val
0.0,0.52667695,GNG2,val
0.0,0.52561134,PARP1,val
0.0,0.5246367,RPS2,val
0.0,0.5245802,RPS13,val
0.0,0.52434266,RPS17,val
1.0,0.52424383,ITGAL,val
0.0,0.524138,PTK2B,val
0.0,0.52361643,RPS9,val
0.0,0.5235878,PARP3,val
1.0,0.5235624,IL23A,val
0.0,0.5233982,S1PR4,val
