y,preds,name,type
0.0,0.17043512,IGFBP7,val
0.0,0.15497535,VAMP2,val
0.0,0.15289411,S100B,val
1.0,0.13968563,PDE3B,val
0.0,0.13758935,PTK2B,val
1.0,0.12833486,JAK1,val
0.0,0.12560228,FGB,val
0.0,0.12484567,HBA1,val
1.0,0.12232777,ITGAL,val
0.0,0.10860167,CTPS1,val
1.0,0.107849255,CCR5,val
0.0,0.10782204,AURKB,val
0.0,0.10716069,FGG,val
0.0,0.10598592,CNR2,val
0.0,0.103365794,PTPRE,val
0.0,0.099722594,RRM2,val
0.0,0.08860471,GNG2,val
