y,preds,name,type
1.0,0.52648836,PDE3B,val
1.0,0.5262947,ITGAL,val
0.0,0.5262299,CNR2,val
1.0,0.5260016,JAK1,val
0.0,0.5255731,PTPRE,val
0.0,0.52545166,IGFBP7,val
0.0,0.5253418,PTK2B,val
0.0,0.5253282,AURKB,val
0.0,0.52510417,S100B,val
0.0,0.5250063,VAMP2,val
0.0,0.5247949,HBA1,val
0.0,0.52369404,FGB,val
0.0,0.52281076,GNG2,val
0.0,0.5224665,FGG,val
0.0,0.5214495,RRM2,val
0.0,0.52020925,CTPS1,val
1.0,0.5201242,CCR5,val
