y,preds,name,type
1.0,0.34350193,IL23A,val
0.0,0.28902736,ABCC1,val
1.0,0.28726545,ITGAL,val
1.0,0.27168387,LTB,val
0.0,0.27152,HNRNPH3,val
0.0,0.2704215,S1PR4,val
1.0,0.26158506,NR3C1,val
1.0,0.2573443,JAK1,val
1.0,0.22497045,PIKFYVE,val
1.0,0.2180145,KIT,val
0.0,0.21587542,THRA,val
0.0,0.17875704,PPARA,val
1.0,0.17759468,IL1R1,val
0.0,0.12726614,PTK2B,val
0.0,0.119345635,CNR2,val
1.0,0.105994165,GUCY1B2,val
0.0,0.10053147,PRKCA,val
