y,preds,name,type
1.0,0.2670026,CCR5,val
1.0,0.16998082,IL23A,val
0.0,0.1644247,CNR2,val
1.0,0.15726899,LTB,val
1.0,0.15656987,ITGAL,val
0.0,0.15358882,RPS28,val
1.0,0.11621505,NR3C1,val
1.0,0.10868226,JAK1,val
0.0,0.10154866,HBA1,val
0.0,0.100505754,GNG2,val
0.0,0.0936878,PRKCA,val
1.0,0.057434365,PDE3B,val
