y,preds,name,type
0.0,0.5337849,AZGP1,val
0.0,0.52940106,APOC2,val
0.0,0.5289275,CLK3,val
0.0,0.52797025,PTK2,val
1.0,0.52778834,ACE,val
0.0,0.52622217,CSAD,val
0.0,0.52610683,PTK6,val
0.0,0.5253926,GSK3B,val
0.0,0.52489203,TPM1,val
0.0,0.5244104,GRM8,val
0.0,0.5243606,MINK1,val
1.0,0.5237467,KIT,val
0.0,0.5236022,PRKCA,val
