y,preds,name,type
1.0,0.5312101,CCR5,val
1.0,0.52972287,ITGAL,val
1.0,0.52815175,IL23A,val
0.0,0.5273867,CNR2,val
1.0,0.52712554,JAK1,val
1.0,0.5268945,LTB,val
1.0,0.52677864,NR3C1,val
0.0,0.52658075,GNG2,val
0.0,0.5257875,RPS28,val
0.0,0.5249107,PRKCA,val
1.0,0.52370024,PDE3B,val
0.0,0.5229438,HBA1,val
