y,preds,name,type
1.0,0.20289226,JAK1,val
0.0,0.19140586,ABCC1,val
1.0,0.18112567,IL23A,val
0.0,0.17924999,RPS17,val
0.0,0.16948088,SNRPD2,val
0.0,0.15899076,HBA1,val
0.0,0.15876128,RPS2,val
0.0,0.15516928,PRKCA,val
0.0,0.14281029,RPS9,val
0.0,0.13251507,RPS13,val
0.0,0.12234432,RPS28,val
0.0,0.11249689,TESMIN,val
1.0,0.110570125,NR3C1,val
1.0,0.10999743,PDE3B,val
1.0,0.109917186,LTB,val
0.0,0.10954323,GNG2,val
1.0,0.10795875,ITGAL,val
0.0,0.10685592,PARP1,val
0.0,0.09459654,VAMP2,val
