y,preds,name,type
1.0,0.2108529,LTB,val
0.0,0.19689956,GNG2,val
0.0,0.19241351,VAMP2,val
1.0,0.19057718,PDE3B,val
1.0,0.18827468,CCR5,val
0.0,0.18271522,PTPRE,val
0.0,0.17918098,CTPS1,val
0.0,0.17426904,PRKCA,val
0.0,0.17262366,ACTA1,val
1.0,0.17077807,JAK1,val
0.0,0.16895089,RPS2,val
0.0,0.16856787,CNR2,val
1.0,0.16635774,NR3C1,val
1.0,0.16560677,ITGAL,val
0.0,0.16291656,S100B,val
