y,preds,name,type
0.0,0.526444,PRKCA,val
0.0,0.52636456,RPS17,val
0.0,0.52453876,PLK3,val
1.0,0.5241895,PDE3B,val
1.0,0.5235885,ITGAL,val
1.0,0.52358073,LTB,val
0.0,0.5235538,HBA1,val
0.0,0.52351475,VAMP2,val
0.0,0.52348834,S100B,val
0.0,0.52348655,RPS13,val
0.0,0.5234506,RPS28,val
0.0,0.52344155,TESMIN,val
0.0,0.5233899,RPS2,val
0.0,0.5233785,SNRPD2,val
0.0,0.52335876,HINT1,val
0.0,0.5233318,RPS9,val
1.0,0.523325,IL23A,val
0.0,0.52325,GNG2,val
1.0,0.5232361,JAK1,val
