y,preds,name,type
0.0,0.16240126,TPM1,val
0.0,0.110219784,PTK2,val
0.0,0.10669137,CLK3,val
0.0,0.103089176,APOC2,val
0.0,0.091833085,GSK3B,val
0.0,0.0866655,CSAD,val
0.0,0.086222775,AZGP1,val
0.0,0.08058412,PTK6,val
1.0,0.0799677,ACE,val
0.0,0.069053575,GRM8,val
0.0,0.06738491,MINK1,val
1.0,0.05506611,KIT,val
0.0,0.051767174,PRKCA,val
