y,preds,name,type
0.0,0.23079816,IGFBP7,val
0.0,0.1885444,CNR2,val
0.0,0.17644203,PTPRE,val
0.0,0.16252282,THRA,val
0.0,0.13594824,VAMP2,val
0.0,0.13425097,GSK3B,val
1.0,0.13107048,ITGAL,val
0.0,0.12796481,S1PR4,val
0.0,0.11792875,GNG2,val
0.0,0.104911946,PZP,val
0.0,0.10314847,CTPS1,val
0.0,0.10204005,S100B,val
1.0,0.10189927,JAK1,val
0.0,0.10117844,PTK2B,val
0.0,0.040827703,HBA1,val
