y,preds,name,type
0.0,0.52958035,RPS28,val
0.0,0.5293028,RPS9,val
0.0,0.5290987,RPS13,val
0.0,0.529057,TESMIN,val
0.0,0.5285307,ABCC1,val
1.0,0.5284787,IL23A,val
1.0,0.5284744,JAK1,val
0.0,0.52839464,RPS17,val
0.0,0.5283702,RPS2,val
0.0,0.52833426,PRKCA,val
0.0,0.5283291,SNRPD2,val
0.0,0.52821404,HBA1,val
0.0,0.5271795,VAMP2,val
0.0,0.52677834,PARP1,val
1.0,0.52673036,NR3C1,val
1.0,0.5267197,PDE3B,val
1.0,0.5267187,LTB,val
0.0,0.5266886,GNG2,val
1.0,0.52657944,ITGAL,val
