y,preds,name,type
0.0,0.5284109,RPS2,val
0.0,0.5281012,ACTA1,val
0.0,0.52806765,CTPS1,val
1.0,0.5280511,CCR5,val
0.0,0.527959,PTPRE,val
0.0,0.5278169,CNR2,val
1.0,0.5277885,JAK1,val
1.0,0.5277394,ITGAL,val
0.0,0.52690476,S100B,val
1.0,0.52675885,NR3C1,val
0.0,0.5266278,GNG2,val
1.0,0.52655524,LTB,val
0.0,0.5241572,VAMP2,val
1.0,0.52349037,PDE3B,val
0.0,0.52292335,PRKCA,val
