y,preds,name,type
0.0,0.2820735,RPS17,val
1.0,0.27718577,ITGAL,val
0.0,0.27563322,RPS9,val
0.0,0.2712368,S1PR4,val
0.0,0.27009496,RPS13,val
0.0,0.2647289,PARP3,val
1.0,0.26288253,IL23A,val
0.0,0.2195841,PTK2B,val
0.0,0.19337507,RPS2,val
0.0,0.14918515,PARP1,val
0.0,0.11306683,GNG2,val
1.0,0.10932525,JAK1,val
0.0,0.09392641,RPS28,val
0.0,0.09330396,KRTAP5-2,val
1.0,0.092874855,LTB,val
0.0,0.09175583,CNR2,val
