y,preds,name,type
1.0,0.5290293,NR3C1,val
0.0,0.5289494,PTK2B,val
0.0,0.52882296,RPS28,val
0.0,0.5287258,ABCC1,val
0.0,0.52863246,SNRPD2,val
0.0,0.5286316,STK24,val
1.0,0.5286034,LTB,val
0.0,0.5285792,GNG2,val
0.0,0.5285195,TESMIN,val
0.0,0.5282446,RPS13,val
1.0,0.5282419,JAK1,val
1.0,0.5279049,ITGAL,val
0.0,0.5278584,RPS2,val
0.0,0.5275759,PLK3,val
0.0,0.52751744,PRKCA,val
1.0,0.52745837,IL23A,val
0.0,0.5273784,MAP3K12,val
1.0,0.5262983,PDE3B,val
