y,preds,name,type
0.0,0.20076373,HINT1,val
0.0,0.19498135,GNG2,val
0.0,0.1946203,RPS9,val
1.0,0.1916358,PDE3B,val
0.0,0.18741596,SNRPD2,val
1.0,0.18702318,IL23A,val
0.0,0.18671298,RPS28,val
1.0,0.18585467,JAK1,val
0.0,0.18540977,RPS2,val
0.0,0.18036617,PLK3,val
0.0,0.16749077,VAMP2,val
0.0,0.16087002,S100B,val
1.0,0.1601079,ITGAL,val
0.0,0.15661529,RPS13,val
0.0,0.15503499,HBA1,val
1.0,0.1474062,LTB,val
0.0,0.14738113,TESMIN,val
0.0,0.121527955,RPS17,val
0.0,0.11251528,PRKCA,val
