y,preds,name,type
1.0,0.5276633,IL23A,val
0.0,0.5275763,THRA,val
1.0,0.5275447,LTB,val
1.0,0.5273751,NR3C1,val
0.0,0.52735275,PPARA,val
1.0,0.52726513,PIKFYVE,val
1.0,0.52705294,ITGAL,val
1.0,0.5270153,IL1R1,val
1.0,0.52700603,GUCY1B2,val
0.0,0.52697086,PTK2B,val
0.0,0.52692807,ABCC1,val
1.0,0.5269035,JAK1,val
1.0,0.52685475,KIT,val
0.0,0.52662003,S1PR4,val
0.0,0.5265693,HNRNPH3,val
0.0,0.52628124,PRKCA,val
0.0,0.52618337,CNR2,val
