y,preds,name,type
0.0,0.5533182,HBA1,val
0.0,0.55083734,GNG2,val
0.0,0.53561276,IGFBP7,val
0.0,0.52983254,S100B,val
1.0,0.52929074,ITGAL,val
0.0,0.5290482,S1PR4,val
0.0,0.52881217,PTK2B,val
0.0,0.5285775,THRA,val
0.0,0.5280788,VAMP2,val
0.0,0.5276601,PZP,val
1.0,0.5275985,JAK1,val
0.0,0.5272309,CTPS1,val
0.0,0.5265467,PTPRE,val
0.0,0.5261594,CNR2,val
0.0,0.5259447,GSK3B,val
