y,preds,name,type
1.0,0.16796651,JAK1,val
0.0,0.16338873,RPS13,val
0.0,0.16322152,PTK2B,val
0.0,0.16239935,PLK3,val
1.0,0.16143408,LTB,val
0.0,0.16047128,SNRPD2,val
1.0,0.15812188,NR3C1,val
0.0,0.1576049,RPS28,val
0.0,0.15729548,ABCC1,val
1.0,0.15572783,IL23A,val
0.0,0.1500072,STK24,val
0.0,0.14962813,TESMIN,val
0.0,0.14842813,GNG2,val
0.0,0.13286251,RPS2,val
1.0,0.12335979,ITGAL,val
1.0,0.11933678,PDE3B,val
0.0,0.10986161,PRKCA,val
0.0,0.09989235,MAP3K12,val
