y,preds,name,type
0.0,0.5294678,COX5A,val
0.0,0.5290362,FABP2,val
0.0,0.52741843,PRKCA,val
0.0,0.52703947,CKMT1A,val
0.0,0.5269432,FOLH1,val
1.0,0.5268214,HMGCR,val
0.0,0.52661824,PRKG2,val
0.0,0.52635926,PTK6,val
0.0,0.5262876,CROT,val
0.0,0.52622336,PNP,val
0.0,0.526046,PPARA,val
0.0,0.52601326,CDC42BPG,val
0.0,0.52597344,SREBF1,val
0.0,0.5259197,CKB,val
0.0,0.5257829,CS,val
1.0,0.52576184,ACE,val
0.0,0.5257462,CSAD,val
0.0,0.52554435,TPM1,val
0.0,0.5255088,PPARD,val
0.0,0.524891,IDH1,val
